{
  "controller/BookMgrView-dbg.controller.js": 1606986208000,
  "Component.js": 1607497555000,
  "model/models.js": 1606956052000,
  "controller/BookMgrView.controller.js": 1606986208000,
  "manifest.json": 1608023025351,
  "manifest-bundle.zip": 1608023025066,
  "Component-preload.js": 1608023025316,
  "i18n/i18n.properties": 1606956052000,
  "model/models-dbg.js": 1606956052000,
  "Component-dbg.js": 1607497555000,
  "resources.json": 1608023025354,
  "view/BookMgrView.view.xml": 1606984363000,
  "css/style.css": 1606956052000,
  "index.html": 1607486216000
}