{
  "index.html": 1606115315000,
  "model/models.js": 1606115315000,
  "manifest.json": 1606717093044,
  "controller/BookMgrView.controller.js": 1606115315000,
  "Component.js": 1606115315000,
  "manifest-bundle.zip": 1606717092777,
  "Component-preload.js": 1606717093020,
  "Component-dbg.js": 1606115315000,
  "controller/BookMgrView-dbg.controller.js": 1606115315000,
  "model/models-dbg.js": 1606115315000,
  "resources.json": 1606717093046,
  "view/BookMgrView.view.xml": 1606182683000,
  "css/style.css": 1606115315000,
  "i18n/i18n.properties": 1606115315000
}