{
    "welcomeFile": "/index.html",
    "authenticationMethod": "route",
    "routes": [
        {
            "source": "^.*/cm/bookMgr/webapp/(.*)$",
            "localDir": "./",
            "target": "$1",
            "authenticationType": "xsuaa"
        },
        {
            "authenticationType": "xsuaa",
            "csrfProtection": false,
            "source": "^.*/srv-api/(.*)$",
            "destination": "srv-api",
            "target": "$1"
        },
        {
            "source": "^(.*)$",
            "target": "$1",
            "service": "html5-apps-repo-rt",
            "authenticationType": "xsuaa"
        }
    ]
}