{
  "model/models-dbg.js": 1606956052000,
  "Component.js": 1606956052000,
  "model/models.js": 1606956052000,
  "controller/BookMgrXXView.controller.js": 1607496206000,
  "manifest.json": 1608023030617,
  "manifest-bundle.zip": 1608023030384,
  "Component-preload.js": 1608023030592,
  "Component-dbg.js": 1606956052000,
  "controller/BookMgrXXView-dbg.controller.js": 1607496206000,
  "i18n/i18n.properties": 1606956052000,
  "resources.json": 1608023030619,
  "view/BookMgrXXView.view.xml": 1607084897000,
  "css/style.css": 1606956052000,
  "index.html": 1606956052000
}