{
  "controller/BookMgrXXView-dbg.controller.js": 1606115488000,
  "Component.js": 1606115488000,
  "model/models.js": 1606115488000,
  "controller/BookMgrXXView.controller.js": 1606115488000,
  "manifest.json": 1606717095788,
  "manifest-bundle.zip": 1606717095571,
  "Component-preload.js": 1606717095766,
  "model/models-dbg.js": 1606115488000,
  "i18n/i18n.properties": 1606115488000,
  "Component-dbg.js": 1606115488000,
  "resources.json": 1606717095790,
  "view/BookMgrXXView.view.xml": 1606115488000,
  "css/style.css": 1606115488000,
  "index.html": 1606115488000
}