{
  "view/BookMgrXXView.view.xml": 1606956052295,
  "manifest.json": 1606990522837,
  "model/models.js": 1606956052295,
  "controller/BookMgrXXView.controller.js": 1606956052295,
  "Component.js": 1606956052295,
  "manifest-bundle.zip": 1606990522674,
  "Component-preload.js": 1606990522817,
  "Component-dbg.js": 1606956052295,
  "controller/BookMgrXXView-dbg.controller.js": 1606956052295,
  "model/models-dbg.js": 1606956052295,
  "resources.json": 1606990522839,
  "i18n/i18n.properties": 1606956052295,
  "css/style.css": 1606956052295,
  "index.html": 1606956052295
}