{
    "resources": [
        {
            "name": "mockdata/apps-xx.json"
        },
        {
            "name": "mockdata/apps.json"
        },
        {
            "name": "mockdata/menu.json"
        },
        {
            "name": "i18n/i18n.properties",
            "raw": "i18n/i18n.properties"
        },
        {
            "name": "mockdata/apps-sp.json"
        },
        {
            "name": "mockdata/apps-pg.json"
        },
        {
            "name": "mockdata/apps-op.json"
        },
        {
            "name": "mockdata/apps-mc.json"
        },
        {
            "name": "mockdata/apps-ep.json"
        },
        {
            "name": "mockdata/apps-dp.json"
        },
        {
            "name": "mockdata/apps-cm.json"
        },
        {
            "name": "manifest.json"
        },
        {
            "name": "model/models.js"
        },
        {
            "name": "controller/Launchpad.controller.js"
        },
        {
            "name": "controller/BaseController.js"
        },
        {
            "name": "Component.js"
        },
        {
            "name": "manifest-bundle.zip"
        },
        {
            "name": "Component-preload.js",
            "merged": true
        },
        {
            "name": "controller/BaseController-dbg.js",
            "isDebug": true
        },
        {
            "name": "controller/Launchpad-dbg.controller.js",
            "isDebug": true
        },
        {
            "name": "model/models-dbg.js",
            "isDebug": true
        },
        {
            "name": "Component-dbg.js",
            "isDebug": true
        },
        {
            "name": "../../sap-ui-version.json"
        },
        {
            "name": "view/Launchpad.view.xml"
        },
        {
            "name": "css/style.css"
        },
        {
            "name": "index.html"
        }
    ]
}