{
  "resources.json": 1608023033199,
  "mockdata/apps.json": 1607496792000,
  "mockdata/menu.json": 1607496792000,
  "mockdata/apps-xx.json": 1607496792000,
  "mockdata/apps-sp.json": 1607496792000,
  "mockdata/apps-pg.json": 1607496792000,
  "mockdata/apps-op.json": 1607496792000,
  "mockdata/apps-mc.json": 1607496792000,
  "mockdata/apps-ep.json": 1607496792000,
  "mockdata/apps-dp.json": 1607496792000,
  "mockdata/apps-cm.json": 1607497796000,
  "manifest.json": 1608023033196,
  "model/models.js": 1607496734000,
  "controller/Launchpad.controller.js": 1607497554000,
  "controller/BaseController.js": 1607497555000,
  "Component.js": 1607496734000,
  "manifest-bundle.zip": 1608023032905,
  "Component-preload.js": 1608023033156,
  "controller/BaseController-dbg.js": 1607497555000,
  "controller/Launchpad-dbg.controller.js": 1607497554000,
  "model/models-dbg.js": 1607496734000,
  "Component-dbg.js": 1607496734000,
  "i18n/i18n.properties": 1607496734000,
  "view/Launchpad.view.xml": 1607497555000,
  "css/style.css": 1607496734000,
  "index.html": 1607496734000
}