{
    "menus": [
        {
            "name": "모니터링 항목 관리",
            "icon": "sap-icon://source-code",
            "subMenus": [
                {
                    "name": "App #1",
                    "url": "../pg/purchaseMgr/webapp",
                    "component": "pg.purchaseMgr"
                },
                {
                    "name": "App #2",
                    "url": "../pg/purchaseMgr/webap",
                    "component": "pg.purchaseMgr"
                }
            ]
        },
        {
            "name": "Vendor Pool",
            "icon": "sap-icon://source-code",
            "subMenus": [
                {
                    "name": "Vendor Pool Search",
                    "url": "../pg/vp/vendorPoolSearch/webapp",
                    "component": "pg.vendorPoolSearch"
                },
                {
                    "name": "Vendor Pool Management",
                    "url": "../pg/vp/vpMgr/webapp",
                    "component": "vp.vpMgr"
                },                
                {
                    "name": "App #4",
                    "url": "../pg/purchaseMgr/webap",
                    "component": "pg.purchaseMgr"
                }
            ]
        }
    ]
    
}
