{
    "menus": [
        {
            "name": "Mold",
            "icon": "sap-icon://source-code",
            "subMenus": [
                {
                    "name": "Mold Development Receipt",
                    "url": "../dp/developmentReceipt/webapp",
                    "component": "dp.developmentReceipt"
                },
                {
                    "name": "Mold Approval List",
                    "url": "../dp/moldApprovalList/webapp",
                    "component": "dp.moldApprovalList"
                },
                {
                    "name": "App #2",
                    "url": "../cm/controlOptionMgr/webapp",
                    "component": "cm.controlOptionMgr"
                },
                {
                    "name": "Detail Spec Entry",
                    "url": "../dp/detailSpecEntry/webapp",
                    "component": "dp.detailSpecEntry"
                },
                {
                    "name": "Detail Spec Confirm",
                    "url": "../dp/detailSpecConfirm/webapp",
                    "component": "dp.detailSpecConfirm"
                }
            ]
        },
        {
            "name": "PSD",
            "icon": "sap-icon://source-code",
            "subMenus": [
                {
                    "name": "UOM Class",
                    "url": "../dp/uomClassMgr/webapp",
                    "component": "dp.uomClassMgr"
                },
                {
                    "name": "UOM Management",
                    "url": "../dp/uomMgr/webapp",
                    "component": "dp.uomMgr"
                }
            ]
        },
        {
            "name": "Exam2",
            "icon": "sap-icon://locate-me",
            "subMenus": [
                {
                    "name": "App #3",
                    "url": "../cm/codeMgr/webapp",
                    "component": "cm.codeMgr"
                },
                {
                    "name": "App #4",
                    "url": "../cm/controlOptionMgr/webapp",
                    "component": "cm.controlOptionMgr"
                }
            ]
        }
    ]
    
}
