{
  "model/models-dbg.js": 1606956052291,
  "controller/BookMgrView.controller.js": 1606986208235,
  "model/models.js": 1606956052291,
  "manifest.json": 1606990517248,
  "Component.js": 1606956052291,
  "manifest-bundle.zip": 1606990517069,
  "Component-preload.js": 1606990517222,
  "i18n/i18n.properties": 1606956052291,
  "controller/BookMgrView-dbg.controller.js": 1606986208235,
  "Component-dbg.js": 1606956052291,
  "resources.json": 1606990517250,
  "view/BookMgrView.view.xml": 1606984363526,
  "css/style.css": 1606956052291,
  "index.html": 1606956052291
}